profitability,2
resource management,1
codes,1
modeling,1
education,7
prototypes,1
software,24
information technology,4
simulation,1
distribution functions,1
content management,1
feedback,3
reviews,3
fluctuations,1
technological innovation,1
scheduling,1
context,3
manufacturing,1
data structures,1
programming,3
hardware,17
merging,11
project management,5
software as a service,5
documentation,14
operating systems,1
information services,16
modules,5
risk analysis,4
sustainable development,4
data models,2
estimation,1
embedded software,2
correlation,1
outsourcing,1
drives,2
waste reduction,1
decision making,2
system performance,2
data privacy,1
performance analysis,1
production,9
data mining,2
reliability,5
privacy,2
recording,2
learning,2
training,19
cost benefit analysis,1
availability,4
user interfaces,2
knowledge management,1
sequences,1
contracts,4
ports,4
scalability,2
security,23
government,1
prom,8
product development,2
information systems,4
costs,8
art,14
data analysis,1
business,83
forecasting,1
process design,1
information security,22
technology,14
search methods,1
forensics,1
quality management,5
management,51
collaboration,1
best practices,9
logic,4
maintenance,6
contacts,1